"lon","lat"
-90.5208333333333,20.4791666666667
-90.4791666666667,20.4791666666667
-90.4375,20.4791666666667
-89.7291666666667,20.4791666666667
-90.5208333333333,20.4375
-90.4791666666667,20.4375
-90.4375,20.4375
-90.4791666666667,20.3958333333333
-90.4375,20.3958333333333
-90.4791666666667,20.3541666666667
-90.4375,20.3541666666667
-90.4791666666667,20.3125
-90.4791666666667,20.2708333333333
-90.1041666666667,20.2708333333333
-90.4791666666667,20.2291666666667
-90.1458333333333,20.2291666666667
-90.4791666666667,20.1875
-90.4791666666667,20.1458333333333
-89.9375,20.1458333333333
-90.4791666666667,20.1041666666667
-90.2291666666667,20.1041666666667
-90.4791666666667,20.0625
-90.4791666666667,20.0208333333333
-90.4375,20.0208333333333
-87.6041666666667,20.0208333333333
-87.5625,20.0208333333333
-87.5208333333333,20.0208333333333
-90.4791666666667,19.9791666666667
-90.4375,19.9791666666667
-87.6458333333333,19.9791666666667
-87.6041666666667,19.9791666666667
-87.5625,19.9791666666667
-90.4375,19.9375
-87.6041666666667,19.9375
-90.5208333333333,19.8541666666667
-87.7708333333333,19.6875
-87.7291666666667,19.6875
-87.8125,19.6458333333333
-87.7708333333333,19.6458333333333
-87.8541666666667,19.6041666666667
-87.8125,19.6041666666667
-87.7708333333333,19.6041666666667
-87.8541666666667,19.5625
-87.8125,19.5625
-87.7708333333333,19.5625
-87.7291666666667,19.5625
-87.5208333333333,19.5625
-89.9791666666667,19.5208333333333
-87.8541666666667,19.5208333333333
-87.8125,19.5208333333333
-87.7708333333333,19.5208333333333
-87.7291666666667,19.5208333333333
-87.6875,19.5208333333333
-87.4791666666667,19.5208333333333
-87.8958333333333,19.4791666666667
-87.7708333333333,19.4791666666667
-87.6875,19.4791666666667
-87.6458333333333,19.4791666666667
-87.7708333333333,19.4375
-87.7291666666667,19.4375
-87.6458333333333,19.4375
-87.8541666666667,19.3958333333333
-87.8125,19.3958333333333
-87.7708333333333,19.3958333333333
-87.7291666666667,19.3958333333333
-87.6875,19.3958333333333
-87.9375,19.3541666666667
-87.8958333333333,19.3541666666667
-87.8541666666667,19.3541666666667
-87.8125,19.3541666666667
-87.7708333333333,19.3541666666667
-87.7291666666667,19.3541666666667
-87.6875,19.3541666666667
-87.8958333333333,19.3125
-87.8541666666667,19.3125
-87.7708333333333,19.3125
-87.7291666666667,19.3125
-87.6875,19.3125
-87.6458333333333,19.3125
-87.7708333333333,19.2708333333333
-87.7291666666667,19.2708333333333
-87.6875,19.2708333333333
-89.7708333333333,19.2291666666667
-89.7291666666667,19.2291666666667
-87.8125,19.2291666666667
-87.7708333333333,19.2291666666667
-87.7291666666667,19.2291666666667
-89.7708333333333,19.1875
-89.1875,19.1875
-87.8125,19.1875
-87.7708333333333,19.1875
-87.7291666666667,19.1875
-87.8541666666667,19.1458333333333
-87.8125,19.1458333333333
-87.7708333333333,19.1458333333333
-87.8541666666667,19.1041666666667
-87.8125,19.1041666666667
-87.7708333333333,19.1041666666667
-87.8541666666667,19.0625
-87.8125,19.0625
-87.7708333333333,19.0625
-87.8958333333333,19.0208333333333
-87.8541666666667,19.0208333333333
-87.8125,19.0208333333333
-91.1041666666667,18.9791666666667
-91.0625,18.9791666666667
-91.0208333333333,18.9791666666667
-87.9791666666667,18.9791666666667
-87.9375,18.9791666666667
-91.1041666666667,18.9375
-87.9375,18.9375
-91.3541666666667,18.8541666666667
-91.1875,18.8541666666667
-88.1875,18.8541666666667
-88.0625,18.8541666666667
-88.0208333333333,18.8541666666667
-87.9375,18.8541666666667
-91.3541666666667,18.8125
-87.9791666666667,18.8125
-87.9375,18.8125
-88.0208333333333,18.7708333333333
-87.9791666666667,18.7708333333333
-87.9375,18.7708333333333
-87.8958333333333,18.7708333333333
-87.9375,18.7291666666667
-92.1875,18.6875
-92.0208333333333,18.6875
-91.9791666666667,18.6875
-88.1875,18.6875
-92.1458333333333,18.6458333333333
-92.0625,18.6458333333333
-92.4375,18.5625
-92.3958333333333,18.5625
-91.3541666666667,18.5625
-92.5625,18.5208333333333
-89.3541666666667,18.5208333333333
-92.6041666666667,18.4791666666667
-92.5625,18.4791666666667
-92.5208333333333,18.4791666666667
-92.4791666666667,18.4791666666667
-91.9375,18.4791666666667
-92.6041666666667,18.4375
-92.5625,18.4375
-92.5208333333333,18.4375
-92.4791666666667,18.4375
-91.9375,18.4375
-91.8958333333333,18.4375
-92.5208333333333,18.3958333333333
-92.4791666666667,18.3958333333333
-91.9791666666667,18.3958333333333
-91.9375,18.3958333333333
-91.9791666666667,18.3541666666667
-91.9375,18.3541666666667
-91.8125,18.3541666666667
-88.1041666666667,18.3541666666667
-92.6041666666667,18.2291666666667
-92.3958333333333,18.1875
-92.4791666666667,18.1041666666667
-92.6458333333333,17.9791666666667
-91.7708333333333,17.8125
-93.0625,17.1458333333333
-93.0208333333333,17.1458333333333
-92.9791666666667,17.1458333333333
-93.1875,17.1041666666667
-93.1458333333333,17.1041666666667
-93.1041666666667,17.1041666666667
-93.0625,17.1041666666667
-93.0208333333333,17.1041666666667
-92.9375,17.1041666666667
-93.2708333333333,17.0625
-93.2291666666667,17.0625
-93.1458333333333,17.0625
-93.1041666666667,17.0625
-93.0625,17.0625
-93.0208333333333,17.0625
-92.9791666666667,17.0625
-92.9375,17.0625
-93.2708333333333,17.0208333333333
-93.2291666666667,17.0208333333333
-93.1875,17.0208333333333
-93.1041666666667,17.0208333333333
-93.0208333333333,17.0208333333333
-92.9791666666667,17.0208333333333
-93.3125,16.9791666666667
-93.2291666666667,16.9791666666667
-93.1875,16.9791666666667
-93.1458333333333,16.9791666666667
-93.1041666666667,16.9791666666667
-93.0625,16.9791666666667
-93.3541666666667,16.9375
-93.3125,16.9375
-93.2708333333333,16.9375
-93.2291666666667,16.9375
-93.1875,16.9375
-93.1458333333333,16.9375
-92.9791666666667,16.9375
-93.8541666666667,16.8958333333333
-93.2291666666667,16.8958333333333
-93.1875,16.8958333333333
-93.1458333333333,16.8958333333333
-93.1041666666667,16.8958333333333
-93.0625,16.8958333333333
-93.0208333333333,16.8958333333333
-92.9791666666667,16.8958333333333
-92.9375,16.8958333333333
-92.8125,16.8958333333333
-93.2291666666667,16.8541666666667
-93.1458333333333,16.8541666666667
-93.1041666666667,16.8541666666667
-93.0625,16.8541666666667
-93.0208333333333,16.8541666666667
-92.9791666666667,16.8541666666667
-92.9375,16.8541666666667
-92.8541666666667,16.8541666666667
-92.8125,16.8541666666667
-93.5208333333333,16.8125
-93.2708333333333,16.8125
-93.2291666666667,16.8125
-93.1875,16.8125
-93.1458333333333,16.8125
-93.1041666666667,16.8125
-93.0625,16.8125
-92.9791666666667,16.8125
-92.9375,16.8125
-92.8958333333333,16.8125
-92.8541666666667,16.8125
-92.8125,16.8125
-92.7708333333333,16.8125
-92.7291666666667,16.8125
-94.1041666666667,16.7708333333333
-93.6875,16.7708333333333
-93.6458333333333,16.7708333333333
-93.5208333333333,16.7708333333333
-93.4791666666667,16.7708333333333
-93.2708333333333,16.7708333333333
-93.1875,16.7708333333333
-93.1458333333333,16.7708333333333
-93.0625,16.7708333333333
-92.8541666666667,16.7708333333333
-92.8125,16.7708333333333
-92.7708333333333,16.7708333333333
-94.1875,16.7291666666667
-94.1041666666667,16.7291666666667
-93.9791666666667,16.7291666666667
-93.7291666666667,16.7291666666667
-93.6458333333333,16.7291666666667
-93.6041666666667,16.7291666666667
-93.2291666666667,16.7291666666667
-93.1041666666667,16.7291666666667
-93.0625,16.7291666666667
-92.8541666666667,16.7291666666667
-92.8125,16.7291666666667
-92.7708333333333,16.7291666666667
-92.7291666666667,16.7291666666667
-92.6041666666667,16.7291666666667
-92.4375,16.7291666666667
-94.1875,16.6875
-94.1458333333333,16.6875
-94.0208333333333,16.6875
-93.9791666666667,16.6875
-93.9375,16.6875
-93.4791666666667,16.6875
-93.2708333333333,16.6875
-93.2291666666667,16.6875
-93.1041666666667,16.6875
-92.8541666666667,16.6875
-92.8125,16.6875
-92.7708333333333,16.6875
-92.7291666666667,16.6875
-92.6875,16.6875
-94.0625,16.6458333333333
-94.0208333333333,16.6458333333333
-93.9791666666667,16.6458333333333
-93.9375,16.6458333333333
-93.8958333333333,16.6458333333333
-93.7291666666667,16.6458333333333
-93.4375,16.6458333333333
-93.3958333333333,16.6458333333333
-92.8125,16.6458333333333
-92.6875,16.6458333333333
-92.6458333333333,16.6458333333333
-92.6041666666667,16.6458333333333
-94.0208333333333,16.6041666666667
-93.9375,16.6041666666667
-93.7291666666667,16.6041666666667
-93.6875,16.6041666666667
-93.4375,16.6041666666667
-93.3958333333333,16.6041666666667
-93.2708333333333,16.6041666666667
-93.2291666666667,16.6041666666667
-92.6458333333333,16.6041666666667
-92.6041666666667,16.6041666666667
-92.5625,16.6041666666667
-93.7708333333333,16.5625
-93.5625,16.5625
-93.4375,16.5625
-93.3958333333333,16.5625
-93.3541666666667,16.5625
-93.2708333333333,16.5625
-93.2291666666667,16.5625
-93.1875,16.5625
-93.1458333333333,16.5625
-93.1041666666667,16.5625
-93.0625,16.5625
-92.6041666666667,16.5625
-94.1458333333333,16.5208333333333
-94.1041666666667,16.5208333333333
-93.6041666666667,16.5208333333333
-93.5625,16.5208333333333
-93.4375,16.5208333333333
-93.3541666666667,16.5208333333333
-93.2708333333333,16.5208333333333
-93.2291666666667,16.5208333333333
-93.1875,16.5208333333333
-93.1458333333333,16.5208333333333
-93.1041666666667,16.5208333333333
-93.0625,16.5208333333333
-92.9375,16.5208333333333
-92.5208333333333,16.5208333333333
-92.4791666666667,16.5208333333333
-92.3125,16.5208333333333
-92.1041666666667,16.5208333333333
-94.1875,16.4791666666667
-94.1458333333333,16.4791666666667
-94.1041666666667,16.4791666666667
-94.0625,16.4791666666667
-94.0208333333333,16.4791666666667
-93.5625,16.4791666666667
-93.5208333333333,16.4791666666667
-93.2708333333333,16.4791666666667
-93.1875,16.4791666666667
-93.1458333333333,16.4791666666667
-92.4791666666667,16.4791666666667
-92.4375,16.4791666666667
-92.3958333333333,16.4791666666667
-92.2708333333333,16.4791666666667
-92.1041666666667,16.4791666666667
-91.9791666666667,16.4791666666667
-91.9375,16.4791666666667
-94.1875,16.4375
-94.1041666666667,16.4375
-94.0625,16.4375
-94.0208333333333,16.4375
-93.9791666666667,16.4375
-93.9375,16.4375
-93.6041666666667,16.4375
-93.5625,16.4375
-93.5208333333333,16.4375
-92.4791666666667,16.4375
-92.4375,16.4375
-92.3958333333333,16.4375
-94.0208333333333,16.3958333333333
-93.9791666666667,16.3958333333333
-93.9375,16.3958333333333
-93.6458333333333,16.3958333333333
-93.6041666666667,16.3958333333333
-93.5625,16.3958333333333
-93.5208333333333,16.3958333333333
-93.1875,16.3958333333333
-92.4375,16.3958333333333
-92.3958333333333,16.3958333333333
-92.3541666666667,16.3958333333333
-92.3125,16.3958333333333
-92.2291666666667,16.3958333333333
-92.0208333333333,16.3958333333333
-91.9791666666667,16.3958333333333
-91.8541666666667,16.3958333333333
-93.9791666666667,16.3541666666667
-93.6458333333333,16.3541666666667
-93.6041666666667,16.3541666666667
-93.5625,16.3541666666667
-93.5208333333333,16.3541666666667
-92.4375,16.3541666666667
-92.3958333333333,16.3541666666667
-92.3541666666667,16.3541666666667
-92.3125,16.3541666666667
-92.1041666666667,16.3541666666667
-92.0208333333333,16.3541666666667
-91.9791666666667,16.3541666666667
-93.8541666666667,16.3125
-93.6875,16.3125
-93.6458333333333,16.3125
-93.1041666666667,16.3125
-93.0625,16.3125
-92.3541666666667,16.3125
-92.3125,16.3125
-92.1875,16.3125
-92.1458333333333,16.3125
-92.1041666666667,16.3125
-92.0625,16.3125
-91.9375,16.3125
-91.8958333333333,16.3125
-94.0625,16.2708333333333
-93.7291666666667,16.2708333333333
-93.6875,16.2708333333333
-93.6458333333333,16.2708333333333
-93.1041666666667,16.2708333333333
-93.0625,16.2708333333333
-92.3541666666667,16.2708333333333
-92.3125,16.2708333333333
-92.1875,16.2708333333333
-92.1041666666667,16.2708333333333
-92.0625,16.2708333333333
-92.0208333333333,16.2708333333333
-91.9375,16.2708333333333
-94.1458333333333,16.2291666666667
-93.5208333333333,16.2291666666667
-93.4791666666667,16.2291666666667
-93.1458333333333,16.2291666666667
-93.1041666666667,16.2291666666667
-93.0625,16.2291666666667
-92.0208333333333,16.2291666666667
-93.5625,16.1875
-93.5208333333333,16.1875
-93.4791666666667,16.1875
-93.1041666666667,16.1875
-92.0625,16.1875
-91.8541666666667,16.1875
-94.0625,16.1458333333333
-93.5625,16.1458333333333
-93.3958333333333,16.1458333333333
-92.0208333333333,16.1458333333333
-91.9791666666667,16.1458333333333
-91.9375,16.1458333333333
-91.8958333333333,16.1458333333333
-91.8541666666667,16.1458333333333
-94.0625,16.1041666666667
-92.2291666666667,16.1041666666667
-94.0625,16.0625
-93.4375,16.0625
-93.3958333333333,16.0625
-92.9375,16.0625
-92.8958333333333,16.0625
-92.5625,16.0625
-92.2291666666667,16.0625
-92.1875,16.0625
-93.1458333333333,16.0208333333333
-93.1041666666667,16.0208333333333
-93.0625,16.0208333333333
-92.9375,16.0208333333333
-92.8958333333333,16.0208333333333
-92.6875,16.0208333333333
-92.6458333333333,16.0208333333333
-92.5208333333333,16.0208333333333
-93.2708333333333,15.9791666666667
-93.2291666666667,15.9791666666667
-93.1875,15.9791666666667
-93.1458333333333,15.9791666666667
-93.0625,15.9791666666667
-92.7708333333333,15.9791666666667
-92.7291666666667,15.9791666666667
-91.7291666666667,15.9791666666667
-93.7291666666667,15.9375
-93.6875,15.9375
-93.2708333333333,15.9375
-93.2291666666667,15.9375
-93.1875,15.9375
-93.1458333333333,15.9375
-92.8541666666667,15.9375
-92.7708333333333,15.9375
-92.7291666666667,15.9375
-92.5625,15.9375
-92.5208333333333,15.9375
-92.4791666666667,15.9375
-92.1041666666667,15.9375
-91.7291666666667,15.9375
-91.6041666666667,15.9375
-91.5625,15.9375
-91.5208333333333,15.9375
-91.4791666666667,15.9375
-93.7291666666667,15.8958333333333
-93.6875,15.8958333333333
-93.2708333333333,15.8958333333333
-93.2291666666667,15.8958333333333
-92.6458333333333,15.8958333333333
-92.5625,15.8958333333333
-92.5208333333333,15.8958333333333
-92.4791666666667,15.8958333333333
-92.4375,15.8958333333333
-92.3125,15.8958333333333
-92.2291666666667,15.8958333333333
-92.1041666666667,15.8958333333333
-91.9791666666667,15.8958333333333
-93.6041666666667,15.8541666666667
-92.4791666666667,15.8541666666667
-92.4375,15.8541666666667
-92.3958333333333,15.8541666666667
-92.2708333333333,15.8541666666667
-92.2291666666667,15.8541666666667
-92.1041666666667,15.8541666666667
-93.3541666666667,15.8125
-92.6458333333333,15.8125
-92.4791666666667,15.8125
-92.4375,15.8125
-92.3958333333333,15.8125
-92.2291666666667,15.8125
-92.1875,15.8125
-92.1458333333333,15.8125
-92.1041666666667,15.8125
-92.0625,15.8125
-92.0208333333333,15.8125
-92.4791666666667,15.7708333333333
-92.4375,15.7708333333333
-92.0625,15.7708333333333
-93.3958333333333,15.7291666666667
-92.3541666666667,15.7291666666667
-92.3541666666667,15.6875
-92.2708333333333,15.6875
-92.2291666666667,15.6875
-92.1875,15.6875
-92.0625,15.6875
-92.5625,15.6458333333333
-92.3541666666667,15.6458333333333
-92.1041666666667,15.6458333333333
-91.9375,15.6458333333333
-92.1458333333333,15.6041666666667
-92.1041666666667,15.6041666666667
-92.3541666666667,15.5625
-91.9375,15.5625
-92.1041666666667,15.5208333333333
-91.9791666666667,15.5208333333333
-91.9375,15.5208333333333
-91.8958333333333,15.5208333333333
-92.3125,15.4791666666667
-92.2708333333333,15.4791666666667
-92.2291666666667,15.4791666666667
-92.1041666666667,15.4791666666667
-92.0625,15.4791666666667
-92.0208333333333,15.4791666666667
-91.9791666666667,15.4791666666667
-91.9375,15.4791666666667
-92.4375,15.4375
-92.3541666666667,15.4375
-92.3125,15.4375
-92.2708333333333,15.4375
-92.2291666666667,15.4375
-92.1875,15.4375
-92.1458333333333,15.4375
-92.1041666666667,15.4375
-92.0625,15.4375
-92.0208333333333,15.4375
-91.9791666666667,15.4375
-91.9375,15.4375
-92.3125,15.3958333333333
-92.2708333333333,15.3958333333333
-92.2291666666667,15.3958333333333
-92.1875,15.3958333333333
-92.1041666666667,15.3958333333333
-92.0625,15.3958333333333
-92.0208333333333,15.3958333333333
-91.9791666666667,15.3958333333333
-92.2708333333333,15.3541666666667
-92.2291666666667,15.3541666666667
-92.1041666666667,15.3541666666667
-92.0625,15.3541666666667
-92.0208333333333,15.3541666666667
-92.1041666666667,15.3125
-92.0625,15.3125
-92.0208333333333,15.3125
-92.1458333333333,15.2708333333333
-92.1041666666667,15.2708333333333
-92.0625,15.2708333333333
-92.1041666666667,15.2291666666667
-92.0625,15.2291666666667
-92.0208333333333,15.2291666666667
-92.1041666666667,15.1875
-92.0208333333333,15.1875
-91.9791666666667,15.1875
-91.9375,15.1458333333333
-75.4791666666667,10.4791666666667
-75.6458333333333,9.77083333333333
-75.7291666666667,9.22916666666667
-75.6875,9.22916666666667
-75.7708333333333,9.1875
-75.7291666666667,9.1875
-75.6875,9.1875
-75.7291666666667,9.14583333333333
-75.6875,9.14583333333333
-75.6458333333333,9.14583333333333
-75.6875,9.10416666666667
-75.6458333333333,9.10416666666667
-75.4375,9.10416666666667
-75.3958333333333,9.10416666666667
-75.1875,9.10416666666667
-75.5625,9.02083333333333
-75.9375,8.97916666666667
-75.9375,8.9375
-75.8958333333333,8.9375
-75.1875,8.9375
-75.6041666666667,8.89583333333333
-75.2708333333333,8.89583333333333
-75.8958333333333,8.72916666666667
-75.9375,8.6875
-75.8958333333333,8.6875
-75.8125,8.39583333333333
-76.3125,7.35416666666667
-76.4375,7.3125
-76.3958333333333,7.3125
-76.3958333333333,7.27083333333333
-76.3125,7.1875
-76.3541666666667,7.14583333333333
-75.7708333333333,7.0625
-75.8125,7.02083333333333
-75.7708333333333,7.02083333333333
-75.8125,6.97916666666667
-75.8541666666667,6.9375
-75.8125,6.9375
-76.6041666666667,6.89583333333333
-75.8541666666667,6.89583333333333
-75.8541666666667,6.85416666666667
-75.8125,6.85416666666667
-75.9375,6.8125
-75.8958333333333,6.8125
-75.8541666666667,6.8125
-75.8125,6.8125
-75.9375,6.77083333333333
-75.8958333333333,6.77083333333333
-75.8541666666667,6.77083333333333
-75.8125,6.77083333333333
-75.9375,6.72916666666667
-75.8958333333333,6.72916666666667
-75.8541666666667,6.72916666666667
-75.8125,6.72916666666667
-75.8958333333333,6.6875
-75.8541666666667,6.6875
-75.8125,6.6875
-75.9375,6.64583333333333
-75.8958333333333,6.64583333333333
-75.8541666666667,6.64583333333333
-75.8125,6.64583333333333
-75.9375,6.60416666666667
-75.8958333333333,6.60416666666667
-75.8541666666667,6.60416666666667
-75.8125,6.60416666666667
-75.8958333333333,6.5625
-75.8541666666667,6.5625
-75.4791666666667,6.5625
-76.1041666666667,6.47916666666667
-76.1458333333333,6.4375
-76.1041666666667,6.4375
-75.5208333333333,6.4375
-76.2708333333333,6.39583333333333
-76.2708333333333,6.35416666666667
-75.1875,6.27083333333333
-76.2708333333333,5.85416666666667
-76.1875,5.72916666666667
-76.1875,5.6875
-76.1458333333333,5.6875
-76.1041666666667,5.6875
-76.3125,5.5625
-76.1875,5.5625
-76.1458333333333,5.5625
-76.1041666666667,5.52083333333333
-75.9791666666667,5.4375
-76.2291666666667,5.1875
-76.1875,5.1875
-76.0625,5.1875
-76.1875,5.14583333333333
-76.0625,5.14583333333333
-75.2291666666667,5.0625
-75.3541666666667,4.97916666666667
-75.3125,4.97916666666667
-75.3958333333333,4.9375
-75.3541666666667,4.9375
-75.3125,4.9375
-75.2708333333333,4.9375
-75.3958333333333,4.89583333333333
-75.3541666666667,4.89583333333333
-75.3125,4.89583333333333
-75.2708333333333,4.89583333333333
-75.2291666666667,4.89583333333333
-76.5208333333333,4.85416666666667
-75.3958333333333,4.85416666666667
-75.3541666666667,4.85416666666667
-75.3125,4.85416666666667
-75.2708333333333,4.85416666666667
-76.6041666666667,4.8125
-76.5625,4.8125
-75.6041666666667,4.8125
-75.5625,4.8125
-75.5208333333333,4.8125
-75.4791666666667,4.8125
-75.4375,4.8125
-75.3958333333333,4.8125
-75.3541666666667,4.8125
-75.3125,4.8125
-75.2708333333333,4.8125
-75.2291666666667,4.8125
-76.6041666666667,4.77083333333333
-76.5625,4.77083333333333
-75.5625,4.77083333333333
-75.5208333333333,4.77083333333333
-75.4791666666667,4.77083333333333
-75.4375,4.77083333333333
-75.3958333333333,4.77083333333333
-75.3541666666667,4.77083333333333
-75.3125,4.77083333333333
-75.2708333333333,4.77083333333333
-75.2291666666667,4.77083333333333
-75.1875,4.77083333333333
-75.4791666666667,4.72916666666667
-75.4375,4.72916666666667
-75.3958333333333,4.72916666666667
-75.3541666666667,4.72916666666667
-75.3125,4.72916666666667
-75.2708333333333,4.72916666666667
-75.2291666666667,4.72916666666667
-75.1875,4.72916666666667
-75.4375,4.6875
-75.3958333333333,4.6875
-75.3541666666667,4.6875
-75.3125,4.6875
-75.2708333333333,4.6875
-75.2291666666667,4.6875
-76.3125,4.64583333333333
-75.3958333333333,4.64583333333333
-75.3541666666667,4.64583333333333
-75.3125,4.64583333333333
-75.2708333333333,4.64583333333333
-75.2291666666667,4.64583333333333
-75.1875,4.64583333333333
-76.3125,4.60416666666667
-75.3541666666667,4.60416666666667
-76.4375,4.5625
-76.3958333333333,4.5625
-76.4791666666667,4.52083333333333
-75.5625,4.52083333333333
-75.2291666666667,4.52083333333333
-76.3541666666667,4.4375
-75.6875,4.39583333333334
-75.5625,4.35416666666667
-75.6041666666667,4.27083333333334
-75.5625,4.27083333333334
-75.5208333333333,4.27083333333334
-75.4375,4.27083333333334
-76.6458333333333,4.22916666666667
-76.5208333333333,4.22916666666667
-75.6875,4.22916666666667
-75.6458333333333,4.22916666666667
-75.6041666666667,4.22916666666667
-75.5625,4.22916666666667
-75.5208333333333,4.22916666666667
-75.4791666666667,4.22916666666667
-75.6875,4.1875
-75.6458333333333,4.1875
-75.5625,4.1875
-75.5208333333333,4.1875
-76.6041666666667,4.14583333333334
-76.5625,4.14583333333334
-75.7708333333333,4.14583333333334
-75.7291666666667,4.14583333333334
-75.6875,4.14583333333334
-75.6041666666667,4.14583333333334
-76.5625,4.10416666666667
-75.7708333333333,4.10416666666667
-75.6875,4.10416666666667
-75.6041666666667,4.10416666666667
-76.6458333333333,4.0625
-76.5625,4.0625
-76.5208333333333,4.0625
-75.7708333333333,4.0625
-75.7291666666667,4.0625
-76.6875,4.02083333333334
-76.6458333333333,4.02083333333334
-76.5625,4.02083333333334
-76.5208333333333,4.02083333333334
-75.7708333333333,4.02083333333334
-75.7291666666667,4.02083333333334
-75.6875,4.02083333333334
-76.6458333333333,3.97916666666667
-75.9375,3.97916666666667
-75.8958333333333,3.97916666666667
-75.7708333333333,3.97916666666667
-75.7291666666667,3.97916666666667
-75.6875,3.97916666666667
-75.6458333333333,3.97916666666667
-76.5625,3.9375
-75.8958333333333,3.9375
-75.6458333333333,3.9375
-76.6875,3.89583333333334
-76.5208333333333,3.89583333333334
-75.8541666666667,3.89583333333334
-75.8125,3.89583333333334
-76.6875,3.85416666666667
-76.6458333333333,3.85416666666667
-76.1875,3.85416666666667
-75.8958333333333,3.85416666666667
-75.8541666666667,3.85416666666667
-75.8125,3.85416666666667
-75.7708333333333,3.85416666666667
-76.2291666666667,3.8125
-76.1875,3.8125
-76.1041666666667,3.8125
-76.0625,3.8125
-75.9375,3.8125
-75.8958333333333,3.8125
-75.8541666666667,3.8125
-75.8125,3.8125
-75.7708333333333,3.8125
-75.7291666666667,3.8125
-76.6041666666667,3.77083333333334
-76.5625,3.77083333333334
-76.5208333333333,3.77083333333334
-76.2291666666667,3.77083333333334
-76.1041666666667,3.77083333333334
-76.0625,3.77083333333334
-75.9791666666667,3.77083333333334
-75.9375,3.77083333333334
-75.8958333333333,3.77083333333334
-75.8541666666667,3.77083333333334
-75.8125,3.77083333333334
-75.7708333333333,3.77083333333334
-75.7291666666667,3.77083333333334
-76.6041666666667,3.72916666666667
-76.5625,3.72916666666667
-76.5208333333333,3.72916666666667
-76.1458333333333,3.72916666666667
-76.1041666666667,3.72916666666667
-75.9791666666667,3.72916666666667
-75.9375,3.72916666666667
-75.8958333333333,3.72916666666667
-75.8541666666667,3.72916666666667
-75.8125,3.72916666666667
-75.7708333333333,3.72916666666667
-76.6041666666667,3.6875
-76.5625,3.6875
-76.1875,3.6875
-76.1458333333333,3.6875
-76.1041666666667,3.6875
-76.0208333333333,3.6875
-75.9791666666667,3.6875
-75.9375,3.6875
-75.8958333333333,3.6875
-75.8541666666667,3.6875
-75.8125,3.6875
-75.7708333333333,3.6875
-75.7291666666667,3.6875
-76.1875,3.64583333333334
-76.1458333333333,3.64583333333334
-76.0208333333333,3.64583333333334
-75.9791666666667,3.64583333333334
-75.8125,3.64583333333334
-75.7708333333333,3.64583333333334
-75.7291666666667,3.64583333333334
-76.1875,3.60416666666667
-76.1458333333333,3.60416666666667
-75.9791666666667,3.60416666666667
-76.1458333333333,3.5625
-76.0208333333333,3.5625
-75.9791666666667,3.5625
-75.9375,3.5625
-75.8958333333333,3.5625
-77.3125,3.52083333333334
-76.3125,3.52083333333334
-76.0625,3.52083333333334
-76.0208333333333,3.52083333333334
-75.9791666666667,3.52083333333334
-75.9375,3.52083333333334
-75.8958333333333,3.52083333333334
-75.8541666666667,3.52083333333334
-75.8125,3.52083333333334
-75.2708333333333,3.52083333333334
-88.1041666666667,18.3541666666667
-88.1875,18.3125
-88.1458333333333,18.3125
-88.1041666666667,18.3125
-88.1041666666667,18.2291666666667
-88.2291666666667,18.1875
-88.1041666666667,18.1458333333333
-88.5625,17.8958333333333
-88.5208333333333,17.8958333333333
-88.6041666666667,17.8125
-88.5625,17.8125
-88.5208333333333,17.8125
-88.2291666666667,17.8125
-88.6041666666667,17.7708333333333
-88.5208333333333,17.7708333333333
-88.6041666666667,17.7291666666667
-88.6458333333333,17.6875
-88.3125,17.6041666666667
-88.2708333333333,17.0625
-89.0208333333333,16.8958333333333
-88.9791666666667,16.8958333333333
-88.3958333333333,16.5625
-88.3541666666667,16.5625
-88.4375,16.5208333333333
-88.3958333333333,16.5208333333333
-88.4791666666667,16.4791666666667
-88.4375,16.4791666666667
-88.4791666666667,16.4375
-88.4375,16.4375
-88.6875,16.3125
-85.8125,10.8958333333333
-85.6458333333333,10.8958333333333
-85.7291666666667,10.8541666666667
-85.7708333333333,10.8125
-85.7291666666667,10.8125
-85.7708333333333,10.5208333333333
-85.7291666666667,10.5208333333333
-85.7708333333333,10.4791666666667
-85.6875,10.4791666666667
-85.6458333333333,10.4791666666667
-85.7708333333333,10.4375
-85.7291666666667,10.4375
-85.6875,10.4375
-85.6458333333333,10.4375
-85.2708333333333,10.2708333333333
-85.6041666666667,10.2291666666667
-84.6875,9.85416666666667
-89.0208333333333,16.8958333333333
-90.1041666666667,16.8125
-89.9791666666667,16.6875
-89.8541666666667,16.6875
-89.8125,16.6458333333333
-91.8541666666667,16.1458333333333
-91.7291666666667,15.9791666666667
-91.7291666666667,15.9375
-91.6041666666667,15.9375
-91.5625,15.9375
-91.5208333333333,15.9375
-91.4791666666667,15.9375
-91.9791666666667,15.8958333333333
-91.6458333333333,15.8958333333333
-91.6041666666667,15.8958333333333
-91.5625,15.8958333333333
-91.5208333333333,15.8958333333333
-91.4791666666667,15.8958333333333
-91.6458333333333,15.8541666666667
-91.6041666666667,15.8541666666667
-91.5625,15.8541666666667
-91.5208333333333,15.8541666666667
-91.4791666666667,15.8541666666667
-91.4375,15.8541666666667
-91.3958333333333,15.8541666666667
-92.0208333333333,15.8125
-91.6041666666667,15.8125
-91.5625,15.8125
-92.0625,15.7708333333333
-91.6458333333333,15.7708333333333
-91.6041666666667,15.7708333333333
-91.5625,15.7708333333333
-91.4791666666667,15.7708333333333
-91.6458333333333,15.7291666666667
-91.6041666666667,15.7291666666667
-91.5625,15.7291666666667
-91.4791666666667,15.7291666666667
-91.4375,15.7291666666667
-92.0625,15.6875
-91.6458333333333,15.6875
-91.6041666666667,15.6875
-91.5625,15.6875
-91.5208333333333,15.6875
-91.4791666666667,15.6875
-91.4375,15.6875
-92.1041666666667,15.6458333333333
-91.9375,15.6458333333333
-91.6875,15.6458333333333
-91.6458333333333,15.6458333333333
-91.6041666666667,15.6458333333333
-91.5625,15.6458333333333
-91.5208333333333,15.6458333333333
-91.4791666666667,15.6458333333333
-91.4375,15.6458333333333
-91.3958333333333,15.6458333333333
-91.3541666666667,15.6458333333333
-91.3125,15.6458333333333
-91.2708333333333,15.6458333333333
-91.2291666666667,15.6458333333333
-92.1458333333333,15.6041666666667
-92.1041666666667,15.6041666666667
-91.6875,15.6041666666667
-91.6458333333333,15.6041666666667
-91.6041666666667,15.6041666666667
-91.5625,15.6041666666667
-91.5208333333333,15.6041666666667
-91.4791666666667,15.6041666666667
-91.4375,15.6041666666667
-91.3958333333333,15.6041666666667
-91.2291666666667,15.6041666666667
-91.1875,15.6041666666667
-91.9375,15.5625
-91.8541666666667,15.5625
-91.6041666666667,15.5625
-91.5625,15.5625
-91.5208333333333,15.5625
-91.4791666666667,15.5625
-91.4375,15.5625
-91.3958333333333,15.5625
-91.3541666666667,15.5625
-91.2708333333333,15.5625
-91.2291666666667,15.5625
-92.1041666666667,15.5208333333333
-91.9791666666667,15.5208333333333
-91.9375,15.5208333333333
-91.8958333333333,15.5208333333333
-91.7708333333333,15.5208333333333
-91.7291666666667,15.5208333333333
-91.6041666666667,15.5208333333333
-91.5625,15.5208333333333
-91.5208333333333,15.5208333333333
-91.4791666666667,15.5208333333333
-91.4375,15.5208333333333
-91.3958333333333,15.5208333333333
-91.3541666666667,15.5208333333333
-91.3125,15.5208333333333
-91.2708333333333,15.5208333333333
-92.2291666666667,15.4791666666667
-92.1041666666667,15.4791666666667
-92.0625,15.4791666666667
-92.0208333333333,15.4791666666667
-91.9791666666667,15.4791666666667
-91.9375,15.4791666666667
-91.8958333333333,15.4791666666667
-91.8541666666667,15.4791666666667
-91.8125,15.4791666666667
-91.7708333333333,15.4791666666667
-91.7291666666667,15.4791666666667
-91.6875,15.4791666666667
-91.6458333333333,15.4791666666667
-91.6041666666667,15.4791666666667
-91.5625,15.4791666666667
-91.5208333333333,15.4791666666667
-91.4791666666667,15.4791666666667
-91.4375,15.4791666666667
-91.3958333333333,15.4791666666667
-91.3541666666667,15.4791666666667
-91.3125,15.4791666666667
-91.2708333333333,15.4791666666667
-92.2708333333333,15.4375
-92.2291666666667,15.4375
-92.1875,15.4375
-92.1458333333333,15.4375
-92.1041666666667,15.4375
-92.0625,15.4375
-92.0208333333333,15.4375
-91.9791666666667,15.4375
-91.9375,15.4375
-91.8958333333333,15.4375
-91.8541666666667,15.4375
-91.8125,15.4375
-91.7708333333333,15.4375
-91.7291666666667,15.4375
-91.6875,15.4375
-91.6458333333333,15.4375
-91.6041666666667,15.4375
-91.5625,15.4375
-91.5208333333333,15.4375
-91.4791666666667,15.4375
-91.4375,15.4375
-91.3958333333333,15.4375
-91.3541666666667,15.4375
-91.3125,15.4375
-91.2708333333333,15.4375
-91.2291666666667,15.4375
-92.2708333333333,15.3958333333333
-92.2291666666667,15.3958333333333
-92.1875,15.3958333333333
-92.1041666666667,15.3958333333333
-92.0625,15.3958333333333
-92.0208333333333,15.3958333333333
-91.9791666666667,15.3958333333333
-91.9375,15.3958333333333
-91.8958333333333,15.3958333333333
-91.8541666666667,15.3958333333333
-91.8125,15.3958333333333
-91.7708333333333,15.3958333333333
-91.7291666666667,15.3958333333333
-91.6875,15.3958333333333
-91.6041666666667,15.3958333333333
-91.5625,15.3958333333333
-91.5208333333333,15.3958333333333
-91.4791666666667,15.3958333333333
-91.4375,15.3958333333333
-91.3958333333333,15.3958333333333
-91.3541666666667,15.3958333333333
-91.3125,15.3958333333333
-91.2708333333333,15.3958333333333
-91.2291666666667,15.3958333333333
-91.1041666666667,15.3958333333333
-91.0625,15.3958333333333
-91.0208333333333,15.3958333333333
-90.8958333333333,15.3958333333333
-92.2708333333333,15.3541666666667
-92.2291666666667,15.3541666666667
-92.1041666666667,15.3541666666667
-92.0625,15.3541666666667
-92.0208333333333,15.3541666666667
-91.9791666666667,15.3541666666667
-91.9375,15.3541666666667
-91.8958333333333,15.3541666666667
-91.8541666666667,15.3541666666667
-91.8125,15.3541666666667
-91.7708333333333,15.3541666666667
-91.7291666666667,15.3541666666667
-91.6875,15.3541666666667
-91.6041666666667,15.3541666666667
-91.5625,15.3541666666667
-91.5208333333333,15.3541666666667
-91.4791666666667,15.3541666666667
-91.4375,15.3541666666667
-91.3958333333333,15.3541666666667
-91.3541666666667,15.3541666666667
-91.3125,15.3541666666667
-91.2708333333333,15.3541666666667
-91.2291666666667,15.3541666666667
-91.1875,15.3541666666667
-91.1041666666667,15.3541666666667
-91.0625,15.3541666666667
-91.0208333333333,15.3541666666667
-90.8958333333333,15.3541666666667
-90.6041666666667,15.3541666666667
-92.1041666666667,15.3125
-92.0625,15.3125
-92.0208333333333,15.3125
-91.9791666666667,15.3125
-91.9375,15.3125
-91.8958333333333,15.3125
-91.6875,15.3125
-91.6458333333333,15.3125
-91.6041666666667,15.3125
-91.5625,15.3125
-91.3958333333333,15.3125
-91.3125,15.3125
-91.2708333333333,15.3125
-91.2291666666667,15.3125
-91.1875,15.3125
-91.1458333333333,15.3125
-90.9375,15.3125
-90.8958333333333,15.3125
-90.8541666666667,15.3125
-90.7708333333333,15.3125
-90.4791666666667,15.3125
-92.1458333333333,15.2708333333333
-92.1041666666667,15.2708333333333
-92.0625,15.2708333333333
-92.0208333333333,15.2708333333333
-91.9791666666667,15.2708333333333
-91.9375,15.2708333333333
-91.8958333333333,15.2708333333333
-91.7708333333333,15.2708333333333
-91.7291666666667,15.2708333333333
-91.6875,15.2708333333333
-91.6458333333333,15.2708333333333
-91.5625,15.2708333333333
-91.4791666666667,15.2708333333333
-91.3541666666667,15.2708333333333
-91.3125,15.2708333333333
-91.2708333333333,15.2708333333333
-91.2291666666667,15.2708333333333
-91.1875,15.2708333333333
-91.1458333333333,15.2708333333333
-91.1041666666667,15.2708333333333
-91.0625,15.2708333333333
-91.0208333333333,15.2708333333333
-90.9791666666667,15.2708333333333
-90.9375,15.2708333333333
-90.8958333333333,15.2708333333333
-90.8541666666667,15.2708333333333
-90.8125,15.2708333333333
-90.7708333333333,15.2708333333333
-90.7291666666667,15.2708333333333
-90.6458333333333,15.2708333333333
-90.6041666666667,15.2708333333333
-90.4791666666667,15.2708333333333
-92.1041666666667,15.2291666666667
-92.0625,15.2291666666667
-92.0208333333333,15.2291666666667
-91.9791666666667,15.2291666666667
-91.9375,15.2291666666667
-91.8958333333333,15.2291666666667
-91.8541666666667,15.2291666666667
-91.8125,15.2291666666667
-91.7708333333333,15.2291666666667
-91.7291666666667,15.2291666666667
-91.6875,15.2291666666667
-91.6458333333333,15.2291666666667
-91.3541666666667,15.2291666666667
-91.3125,15.2291666666667
-91.2708333333333,15.2291666666667
-91.2291666666667,15.2291666666667
-91.1875,15.2291666666667
-91.1458333333333,15.2291666666667
-91.1041666666667,15.2291666666667
-91.0625,15.2291666666667
-91.0208333333333,15.2291666666667
-90.9791666666667,15.2291666666667
-90.9375,15.2291666666667
-90.8958333333333,15.2291666666667
-90.8541666666667,15.2291666666667
-90.8125,15.2291666666667
-90.7708333333333,15.2291666666667
-90.7291666666667,15.2291666666667
-90.6875,15.2291666666667
-90.6458333333333,15.2291666666667
-90.6041666666667,15.2291666666667
-90.5625,15.2291666666667
-90.4791666666667,15.2291666666667
-92.1041666666667,15.1875
-92.0208333333333,15.1875
-91.9791666666667,15.1875
-91.9375,15.1875
-91.8958333333333,15.1875
-91.8541666666667,15.1875
-91.8125,15.1875
-91.7708333333333,15.1875
-91.7291666666667,15.1875
-91.6875,15.1875
-91.6458333333333,15.1875
-91.6041666666667,15.1875
-91.3958333333333,15.1875
-91.3541666666667,15.1875
-91.3125,15.1875
-91.2708333333333,15.1875
-91.2291666666667,15.1875
-91.1875,15.1875
-90.9375,15.1875
-90.8958333333333,15.1875
-90.8541666666667,15.1875
-90.8125,15.1875
-90.7708333333333,15.1875
-90.7291666666667,15.1875
-90.6875,15.1875
-90.6458333333333,15.1875
-90.6041666666667,15.1875
-90.5208333333333,15.1875
-90.4791666666667,15.1875
-90.3958333333333,15.1875
-90.3541666666667,15.1875
-90.3125,15.1875
-89.8541666666667,15.1875
-91.9375,15.1458333333333
-91.8958333333333,15.1458333333333
-91.8541666666667,15.1458333333333
-91.7708333333333,15.1458333333333
-91.7291666666667,15.1458333333333
-91.6875,15.1458333333333
-91.6458333333333,15.1458333333333
-91.6041666666667,15.1458333333333
-91.3958333333333,15.1458333333333
-91.3541666666667,15.1458333333333
-91.0625,15.1458333333333
-90.9375,15.1458333333333
-90.8958333333333,15.1458333333333
-90.4791666666667,15.1458333333333
-89.8958333333333,15.1458333333333
-89.8541666666667,15.1458333333333
-89.7291666666667,15.1458333333333
-89.3958333333333,15.1458333333333
-88.8125,15.1458333333333
-91.8958333333333,15.1041666666667
-91.8541666666667,15.1041666666667
-91.8125,15.1041666666667
-91.7708333333333,15.1041666666667
-91.7291666666667,15.1041666666667
-91.6875,15.1041666666667
-91.6041666666667,15.1041666666667
-91.5208333333333,15.1041666666667
-91.2708333333333,15.1041666666667
-91.2291666666667,15.1041666666667
-91.1041666666667,15.1041666666667
-91.0625,15.1041666666667
-90.3541666666667,15.1041666666667
-90.2291666666667,15.1041666666667
-90.1875,15.1041666666667
-89.5208333333333,15.1041666666667
-88.8541666666667,15.1041666666667
-91.8958333333333,15.0625
-91.8541666666667,15.0625
-91.8125,15.0625
-91.7291666666667,15.0625
-91.6041666666667,15.0625
-91.5625,15.0625
-91.5208333333333,15.0625
-91.4375,15.0625
-91.3958333333333,15.0625
-91.3541666666667,15.0625
-91.2708333333333,15.0625
-91.2291666666667,15.0625
-91.1875,15.0625
-91.1041666666667,15.0625
-91.0625,15.0625
-90.8958333333333,15.0625
-90.4375,15.0625
-90.2708333333333,15.0625
-90.2291666666667,15.0625
-90.1875,15.0625
-91.8958333333333,15.0208333333333
-91.8541666666667,15.0208333333333
-91.8125,15.0208333333333
-91.6875,15.0208333333333
-91.6041666666667,15.0208333333333
-91.5625,15.0208333333333
-91.4375,15.0208333333333
-91.2708333333333,15.0208333333333
-91.2291666666667,15.0208333333333
-91.1875,15.0208333333333
-91.1458333333333,15.0208333333333
-91.1041666666667,15.0208333333333
-91.0625,15.0208333333333
-91.0208333333333,15.0208333333333
-90.9791666666667,15.0208333333333
-90.9375,15.0208333333333
-90.8541666666667,15.0208333333333
-90.7708333333333,15.0208333333333
-90.4375,15.0208333333333
-90.3958333333333,15.0208333333333
-90.3541666666667,15.0208333333333
-90.3125,15.0208333333333
-91.2708333333333,14.9791666666667
-91.2291666666667,14.9791666666667
-91.1041666666667,14.9791666666667
-91.0625,14.9791666666667
-91.0208333333333,14.9791666666667
-90.4791666666667,14.9791666666667
-90.3541666666667,14.9791666666667
-90.3125,14.9791666666667
-89.9375,14.9791666666667
-91.8125,14.9375
-91.7708333333333,14.9375
-91.2708333333333,14.9375
-91.2291666666667,14.9375
-91.1875,14.9375
-90.6041666666667,14.9375
-90.3541666666667,14.9375
-90.2708333333333,14.9375
-90.2291666666667,14.9375
-89.8958333333333,14.9375
-91.7708333333333,14.8958333333333
-91.6875,14.8958333333333
-91.3541666666667,14.8958333333333
-91.3125,14.8958333333333
-91.2708333333333,14.8958333333333
-91.2291666666667,14.8958333333333
-91.1875,14.8958333333333
-90.6041666666667,14.8958333333333
-90.2708333333333,14.8958333333333
-91.6458333333333,14.8541666666667
-91.6041666666667,14.8541666666667
-91.4791666666667,14.8541666666667
-91.3125,14.8541666666667
-91.2708333333333,14.8541666666667
-91.2291666666667,14.8541666666667
-91.1875,14.8541666666667
-91.1041666666667,14.8541666666667
-91.6458333333333,14.8125
-91.6041666666667,14.8125
-91.5625,14.8125
-91.5208333333333,14.8125
-91.4791666666667,14.8125
-91.4375,14.8125
-91.3958333333333,14.8125
-91.3541666666667,14.8125
-90.7708333333333,14.8125
-90.6458333333333,14.8125
-89.8958333333333,14.8125
-89.4791666666667,14.8125
-89.3125,14.8125
-89.2708333333333,14.8125
-91.6041666666667,14.7708333333333
-91.5625,14.7708333333333
-91.5208333333333,14.7708333333333
-91.4791666666667,14.7708333333333
-91.4375,14.7708333333333
-91.3958333333333,14.7708333333333
-90.7708333333333,14.7708333333333
-90.7291666666667,14.7708333333333
-90.6875,14.7708333333333
-90.6458333333333,14.7708333333333
-89.3125,14.7708333333333
-91.6041666666667,14.7291666666667
-91.5625,14.7291666666667
-91.4375,14.7291666666667
-90.6041666666667,14.7291666666667
-89.7291666666667,14.7291666666667
-90.2291666666667,14.6875
-89.7291666666667,14.6875
-91.3125,14.6458333333333
-90.8125,14.6041666666667
-91.6041666666667,14.5625
-90.9375,14.5625
-90.8958333333333,14.5625
-90.8541666666667,14.5625
-90.8125,14.5625
-91.6041666666667,14.5208333333333
-91.5625,14.5208333333333
-90.9375,14.5208333333333
-90.8958333333333,14.5208333333333
-90.8541666666667,14.5208333333333
-90.7708333333333,14.5208333333333
-90.7291666666667,14.5208333333333
-90.6875,14.5208333333333
-89.1458333333333,14.5208333333333
-90.8958333333333,14.4791666666667
-90.8541666666667,14.4791666666667
-90.7708333333333,14.4791666666667
-90.7291666666667,14.4791666666667
-90.6875,14.4791666666667
-90.6458333333333,14.4791666666667
-90.6041666666667,14.4791666666667
-90.5625,14.4791666666667
-91.0208333333333,14.4375
-90.9791666666667,14.4375
-90.6875,14.4375
-90.6458333333333,14.4375
-90.6041666666667,14.4375
-90.5625,14.4375
-90.5208333333333,14.4375
-90.4791666666667,14.4375
-90.1875,14.4375
-89.9791666666667,14.4375
-91.0625,14.3958333333333
-91.0208333333333,14.3958333333333
-90.9791666666667,14.3958333333333
-90.9375,14.3958333333333
-90.6458333333333,14.3958333333333
-90.6041666666667,14.3958333333333
-90.5625,14.3958333333333
-90.5208333333333,14.3958333333333
-90.4791666666667,14.3958333333333
-90.4375,14.3958333333333
-90.3958333333333,14.3958333333333
-90.3541666666667,14.3958333333333
-89.4375,14.3958333333333
-89.3958333333333,14.3958333333333
-89.2708333333333,14.3958333333333
-89.2291666666667,14.3958333333333
-91.3125,14.3541666666667
-91.0625,14.3541666666667
-91.0208333333333,14.3541666666667
-90.8541666666667,14.3541666666667
-90.6458333333333,14.3541666666667
-90.6041666666667,14.3541666666667
-90.5625,14.3541666666667
-90.4791666666667,14.3541666666667
-90.0208333333333,14.3541666666667
-89.3125,14.3541666666667
-89.2708333333333,14.3541666666667
-91.3541666666667,14.3125
-91.3125,14.3125
-91.1041666666667,14.3125
-91.0625,14.3125
-90.9791666666667,14.3125
-90.8958333333333,14.3125
-90.8541666666667,14.3125
-90.7708333333333,14.3125
-90.7291666666667,14.3125
-90.6875,14.3125
-90.6458333333333,14.3125
-90.6041666666667,14.3125
-90.5208333333333,14.3125
-90.4791666666667,14.3125
-90.1875,14.3125
-89.6041666666667,14.3125
-89.5625,14.3125
-89.3541666666667,14.3125
-89.3125,14.3125
-89.2708333333333,14.3125
-91.3541666666667,14.2708333333333
-91.3125,14.2708333333333
-91.1041666666667,14.2708333333333
-91.0625,14.2708333333333
-91.0208333333333,14.2708333333333
-90.9791666666667,14.2708333333333
-90.8958333333333,14.2708333333333
-90.8125,14.2708333333333
-90.7291666666667,14.2708333333333
-90.5625,14.2708333333333
-90.5208333333333,14.2708333333333
-89.6041666666667,14.2708333333333
-89.5208333333333,14.2708333333333
-89.3541666666667,14.2708333333333
-91.3958333333333,14.2291666666667
-91.1041666666667,14.2291666666667
-91.0625,14.2291666666667
-91.0208333333333,14.2291666666667
-90.9791666666667,14.2291666666667
-91.4375,14.1875
-91.3958333333333,14.1875
-91.1458333333333,14.1875
-91.1041666666667,14.1875
-91.0625,14.1875
-91.0208333333333,14.1875
-90.9791666666667,14.1875
-90.3541666666667,14.1875
-90.2291666666667,14.1875
-89.8541666666667,14.1875
-89.5625,14.1875
-91.1458333333333,14.1458333333333
-91.1041666666667,14.1458333333333
-91.0625,14.1458333333333
-91.0208333333333,14.1458333333333
-90.9791666666667,14.1458333333333
-89.8541666666667,14.1458333333333
-91.1875,14.1041666666667
-91.1458333333333,14.1041666666667
-91.1041666666667,14.1041666666667
-91.0625,14.1041666666667
-91.0208333333333,14.1041666666667
-90.9791666666667,14.1041666666667
-89.8541666666667,14.1041666666667
-89.8125,14.1041666666667
-91.1875,14.0625
-91.1458333333333,14.0625
-90.8958333333333,14.0625
-90.1875,14.0625
-90.1458333333333,14.0625
-90.1041666666667,14.0625
-90.0625,14.0625
-89.7291666666667,14.0625
-91.2291666666667,14.0208333333333
-91.1041666666667,14.0208333333333
-90.1041666666667,14.0208333333333
-89.9375,14.0208333333333
-89.8958333333333,14.0208333333333
-90.0625,13.9791666666667
-90.0208333333333,13.9791666666667
-89.9791666666667,13.9791666666667
-89.9375,13.9791666666667
-90.0625,13.9375
-90.0208333333333,13.9375
-89.9791666666667,13.9375
-89.9375,13.9375
-90.0625,13.8958333333333
-90.0208333333333,13.8958333333333
-89.9791666666667,13.8958333333333
-90.0208333333333,13.8541666666667
-84.6458333333333,15.7291666666667
-84.6041666666667,15.7291666666667
-84.5208333333333,15.7291666666667
-84.6041666666667,15.6875
-84.5208333333333,15.6875
-84.4791666666667,15.6875
-84.5625,15.6458333333333
-84.5208333333333,15.6458333333333
-84.5625,15.6041666666667
-84.4375,15.6041666666667
-84.5625,15.5208333333333
-84.2708333333333,15.5208333333333
-84.3541666666667,15.4791666666667
-84.3125,15.4791666666667
-84.2708333333333,15.4791666666667
-84.5625,15.4375
-84.3541666666667,15.4375
-84.3125,15.4375
-84.2708333333333,15.4375
-84.2291666666667,15.4375
-84.6041666666667,15.3958333333333
-84.3541666666667,15.3958333333333
-84.3125,15.3958333333333
-84.2708333333333,15.3958333333333
-84.2291666666667,15.3958333333333
-87.3125,15.3541666666667
-87.2708333333333,15.3541666666667
-86.8541666666667,15.3541666666667
-86.8125,15.3541666666667
-84.3958333333333,15.3541666666667
-84.3541666666667,15.3541666666667
-84.3125,15.3541666666667
-84.2708333333333,15.3541666666667
-84.2291666666667,15.3541666666667
-84.0208333333333,15.3541666666667
-83.9375,15.3541666666667
-83.8958333333333,15.3541666666667
-87.3541666666667,15.3125
-87.1458333333333,15.3125
-87.0208333333333,15.3125
-86.9791666666667,15.3125
-86.8541666666667,15.3125
-84.4375,15.3125
-84.3958333333333,15.3125
-84.3541666666667,15.3125
-84.3125,15.3125
-84.2708333333333,15.3125
-84.1875,15.3125
-84.1458333333333,15.3125
-84.1041666666667,15.3125
-83.8958333333333,15.3125
-83.6041666666667,15.3125
-87.1875,15.2708333333333
-87.1458333333333,15.2708333333333
-87.0208333333333,15.2708333333333
-86.9791666666667,15.2708333333333
-84.4375,15.2708333333333
-84.3958333333333,15.2708333333333
-84.3541666666667,15.2708333333333
-84.3125,15.2708333333333
-84.2708333333333,15.2708333333333
-84.2291666666667,15.2708333333333
-84.1875,15.2708333333333
-84.1458333333333,15.2708333333333
-84.1041666666667,15.2708333333333
-83.8125,15.2708333333333
-83.6458333333333,15.2708333333333
-83.6041666666667,15.2708333333333
-83.5625,15.2708333333333
-86.4791666666667,15.2291666666667
-84.5208333333333,15.2291666666667
-84.4791666666667,15.2291666666667
-84.4375,15.2291666666667
-84.3958333333333,15.2291666666667
-84.3541666666667,15.2291666666667
-84.3125,15.2291666666667
-84.2708333333333,15.2291666666667
-84.2291666666667,15.2291666666667
-84.1875,15.2291666666667
-84.1458333333333,15.2291666666667
-83.8541666666667,15.2291666666667
-83.8125,15.2291666666667
-83.6875,15.2291666666667
-83.6458333333333,15.2291666666667
-83.6041666666667,15.2291666666667
-83.5625,15.2291666666667
-83.4791666666667,15.2291666666667
-84.5625,15.1875
-84.5208333333333,15.1875
-84.4791666666667,15.1875
-84.4375,15.1875
-84.3958333333333,15.1875
-84.3541666666667,15.1875
-84.2708333333333,15.1875
-84.2291666666667,15.1875
-84.1875,15.1875
-84.1458333333333,15.1875
-83.9791666666667,15.1875
-83.9375,15.1875
-83.8958333333333,15.1875
-83.8541666666667,15.1875
-83.8125,15.1875
-83.7291666666667,15.1875
-83.6875,15.1875
-83.6458333333333,15.1875
-88.8125,15.1458333333333
-84.5625,15.1458333333333
-84.2708333333333,15.1458333333333
-84.2291666666667,15.1458333333333
-84.1875,15.1458333333333
-84.1458333333333,15.1458333333333
-84.1041666666667,15.1458333333333
-84.0208333333333,15.1458333333333
-83.9791666666667,15.1458333333333
-83.9375,15.1458333333333
-83.8958333333333,15.1458333333333
-83.8541666666667,15.1458333333333
-83.8125,15.1458333333333
-83.7708333333333,15.1458333333333
-83.7291666666667,15.1458333333333
-83.6875,15.1458333333333
-88.8541666666667,15.1041666666667
-86.3541666666667,15.1041666666667
-84.2708333333333,15.1041666666667
-84.2291666666667,15.1041666666667
-84.1875,15.1041666666667
-84.1041666666667,15.1041666666667
-84.0625,15.1041666666667
-84.0208333333333,15.1041666666667
-83.9791666666667,15.1041666666667
-83.9375,15.1041666666667
-83.8958333333333,15.1041666666667
-83.8541666666667,15.1041666666667
-83.8125,15.1041666666667
-83.7708333333333,15.1041666666667
-83.7291666666667,15.1041666666667
-83.6875,15.1041666666667
-86.7708333333333,15.0625
-86.7291666666667,15.0625
-86.6041666666667,15.0625
-84.2291666666667,15.0625
-84.1875,15.0625
-84.1458333333333,15.0625
-84.1041666666667,15.0625
-84.0625,15.0625
-84.0208333333333,15.0625
-83.9791666666667,15.0625
-83.9375,15.0625
-83.8958333333333,15.0625
-83.8541666666667,15.0625
-83.8125,15.0625
-83.7708333333333,15.0625
-83.7291666666667,15.0625
-83.6875,15.0625
-83.6458333333333,15.0625
-86.7708333333333,15.0208333333333
-86.6041666666667,15.0208333333333
-86.1875,15.0208333333333
-85.9791666666667,15.0208333333333
-84.1875,15.0208333333333
-84.1458333333333,15.0208333333333
-84.1041666666667,15.0208333333333
-84.0625,15.0208333333333
-84.0208333333333,15.0208333333333
-83.9791666666667,15.0208333333333
-83.9375,15.0208333333333
-83.8958333333333,15.0208333333333
-83.8541666666667,15.0208333333333
-83.8125,15.0208333333333
-83.7708333333333,15.0208333333333
-83.7291666666667,15.0208333333333
-83.6875,15.0208333333333
-88.4791666666667,14.9791666666667
-86.6875,14.9791666666667
-86.6458333333333,14.9791666666667
-84.2708333333333,14.9791666666667
-84.2291666666667,14.9791666666667
-84.1458333333333,14.9791666666667
-84.1041666666667,14.9791666666667
-84.0625,14.9791666666667
-84.0208333333333,14.9791666666667
-83.9791666666667,14.9791666666667
-83.9375,14.9791666666667
-83.8958333333333,14.9791666666667
-83.8541666666667,14.9791666666667
-83.8125,14.9791666666667
-83.7708333333333,14.9791666666667
-86.6875,14.9375
-86.6458333333333,14.9375
-86.4791666666667,14.9375
-84.3125,14.9375
-84.2708333333333,14.9375
-84.2291666666667,14.9375
-84.1458333333333,14.9375
-84.1041666666667,14.9375
-84.0625,14.9375
-84.0208333333333,14.9375
-83.9791666666667,14.9375
-83.9375,14.9375
-83.8958333333333,14.9375
-83.8541666666667,14.9375
-83.8125,14.9375
-87.1458333333333,14.8958333333333
-86.6875,14.8958333333333
-86.6458333333333,14.8958333333333
-84.3125,14.8958333333333
-84.2708333333333,14.8958333333333
-84.2291666666667,14.8958333333333
-84.1875,14.8958333333333
-84.1041666666667,14.8958333333333
-84.0625,14.8958333333333
-84.0208333333333,14.8958333333333
-83.9791666666667,14.8958333333333
-83.9375,14.8958333333333
-83.8958333333333,14.8958333333333
-83.8541666666667,14.8958333333333
-83.5208333333333,14.8958333333333
-83.4791666666667,14.8958333333333
-87.1458333333333,14.8541666666667
-86.6458333333333,14.8541666666667
-86.6041666666667,14.8541666666667
-86.5625,14.8541666666667
-84.2708333333333,14.8541666666667
-84.2291666666667,14.8541666666667
-84.1875,14.8541666666667
-84.1458333333333,14.8541666666667
-84.1041666666667,14.8541666666667
-83.9375,14.8541666666667
-83.8958333333333,14.8541666666667
-83.5625,14.8541666666667
-83.5208333333333,14.8541666666667
-83.4791666666667,14.8541666666667
-89.3125,14.8125
-89.2708333333333,14.8125
-88.8958333333333,14.8125
-84.6875,14.8125
-84.6458333333333,14.8125
-84.2708333333333,14.8125
-84.2291666666667,14.8125
-84.1875,14.8125
-83.6875,14.8125
-83.6458333333333,14.8125
-83.6041666666667,14.8125
-83.5625,14.8125
-83.5208333333333,14.8125
-83.4791666666667,14.8125
-89.3125,14.7708333333333
-88.8958333333333,14.7708333333333
-88.8541666666667,14.7708333333333
-84.6875,14.7708333333333
-84.6458333333333,14.7708333333333
-83.7708333333333,14.7708333333333
-83.6458333333333,14.7708333333333
-83.6041666666667,14.7708333333333
-83.5625,14.7708333333333
-83.5208333333333,14.7708333333333
-84.6458333333333,14.7291666666667
-84.6041666666667,14.7291666666667
-84.5208333333333,14.7291666666667
-84.4791666666667,14.7291666666667
-83.6458333333333,14.7291666666667
-83.6041666666667,14.7291666666667
-83.5625,14.7291666666667
-87.4791666666667,14.6875
-84.4791666666667,14.6875
-83.8541666666667,14.6875
-83.8125,14.6875
-83.7291666666667,14.6875
-83.6875,14.6875
-88.5208333333333,14.6458333333333
-88.4791666666667,14.6458333333333
-87.4375,14.6458333333333
-87.3958333333333,14.6458333333333
-87.3541666666667,14.6458333333333
-87.1875,14.6458333333333
-87.1458333333333,14.6458333333333
-83.9375,14.6458333333333
-83.8958333333333,14.6458333333333
-83.8541666666667,14.6458333333333
-83.8125,14.6458333333333
-83.7708333333333,14.6458333333333
-88.8958333333333,14.6041666666667
-88.4791666666667,14.6041666666667
-87.4375,14.6041666666667
-87.3958333333333,14.6041666666667
-87.3541666666667,14.6041666666667
-87.1875,14.6041666666667
-87.1458333333333,14.6041666666667
-83.9791666666667,14.6041666666667
-83.9375,14.6041666666667
-83.8958333333333,14.6041666666667
-87.7708333333333,14.5625
-87.4375,14.5625
-87.3958333333333,14.5625
-87.3541666666667,14.5625
-89.1458333333333,14.5208333333333
-88.9791666666667,14.5208333333333
-87.3958333333333,14.5208333333333
-87.0625,14.5208333333333
-87.0208333333333,14.5208333333333
-88.7708333333333,14.4791666666667
-88.6041666666667,14.4791666666667
-88.1041666666667,14.4791666666667
-88.0625,14.4791666666667
-87.8125,14.4791666666667
-88.7708333333333,14.4375
-88.7291666666667,14.4375
-88.0625,14.4375
-87.2291666666667,14.4375
-89.4375,14.3958333333333
-89.3958333333333,14.3958333333333
-89.2708333333333,14.3958333333333
-89.2291666666667,14.3958333333333
-88.6458333333333,14.3958333333333
-88.0208333333333,14.3958333333333
-87.5208333333333,14.3958333333333
-87.4791666666667,14.3958333333333
-87.2291666666667,14.3958333333333
-89.3125,14.3541666666667
-89.2708333333333,14.3541666666667
-88.6875,14.3541666666667
-88.6458333333333,14.3541666666667
-88.6041666666667,14.3541666666667
-88.5625,14.3541666666667
-88.5208333333333,14.3541666666667
-88.3958333333333,14.3541666666667
-88.1875,14.3541666666667
-87.7291666666667,14.3541666666667
-87.5625,14.3541666666667
-87.5208333333333,14.3541666666667
-87.4791666666667,14.3541666666667
-87.1875,14.3541666666667
-89.3541666666667,14.3125
-89.3125,14.3125
-89.2708333333333,14.3125
-89.2291666666667,14.3125
-89.1875,14.3125
-89.1458333333333,14.3125
-89.0208333333333,14.3125
-88.9791666666667,14.3125
-88.9375,14.3125
-88.8958333333333,14.3125
-88.7291666666667,14.3125
-88.6875,14.3125
-88.6041666666667,14.3125
-88.5625,14.3125
-88.4375,14.3125
-88.3958333333333,14.3125
-88.3541666666667,14.3125
-88.1041666666667,14.3125
-88.0625,14.3125
-87.5208333333333,14.3125
-87.4791666666667,14.3125
-87.3958333333333,14.3125
-87.2291666666667,14.3125
-87.1875,14.3125
-89.3541666666667,14.2708333333333
-89.3125,14.2708333333333
-89.2708333333333,14.2708333333333
-89.2291666666667,14.2708333333333
-89.1875,14.2708333333333
-89.0625,14.2708333333333
-89.0208333333333,14.2708333333333
-88.9791666666667,14.2708333333333
-88.9375,14.2708333333333
-88.8958333333333,14.2708333333333
-88.8541666666667,14.2708333333333
-88.7291666666667,14.2708333333333
-88.6875,14.2708333333333
-88.6458333333333,14.2708333333333
-88.4375,14.2708333333333
-88.3958333333333,14.2708333333333
-88.3541666666667,14.2708333333333
-88.3125,14.2708333333333
-88.1458333333333,14.2708333333333
-88.1041666666667,14.2708333333333
-88.0625,14.2708333333333
-88.0208333333333,14.2708333333333
-87.9791666666667,14.2708333333333
-87.5625,14.2708333333333
-87.5208333333333,14.2708333333333
-87.4791666666667,14.2708333333333
-87.4375,14.2708333333333
-87.3958333333333,14.2708333333333
-87.3541666666667,14.2708333333333
-89.1458333333333,14.2291666666667
-89.0625,14.2291666666667
-89.0208333333333,14.2291666666667
-88.6875,14.2291666666667
-88.6458333333333,14.2291666666667
-88.3541666666667,14.2291666666667
-88.3125,14.2291666666667
-88.1458333333333,14.2291666666667
-88.1041666666667,14.2291666666667
-88.0625,14.2291666666667
-88.0208333333333,14.2291666666667
-87.9791666666667,14.2291666666667
-87.5625,14.2291666666667
-87.5208333333333,14.2291666666667
-87.4375,14.2291666666667
-87.3958333333333,14.2291666666667
-87.3541666666667,14.2291666666667
-88.7291666666667,14.1875
-88.3125,14.1875
-88.0625,14.1875
-88.0208333333333,14.1875
-87.9791666666667,14.1875
-87.7291666666667,14.1875
-87.6875,14.1875
-87.5625,14.1875
-87.3958333333333,14.1875
-87.3125,14.1875
-88.1458333333333,14.1458333333333
-87.7708333333333,14.1458333333333
-87.7291666666667,14.1458333333333
-87.6875,14.1458333333333
-87.6458333333333,14.1458333333333
-87.5208333333333,14.1458333333333
-87.4791666666667,14.1458333333333
-88.8125,14.1041666666667
-88.1875,14.1041666666667
-88.1458333333333,14.1041666666667
-87.8125,14.1041666666667
-87.7708333333333,14.1041666666667
-87.7291666666667,14.1041666666667
-87.6875,14.1041666666667
-87.6458333333333,14.1041666666667
-87.5208333333333,14.1041666666667
-87.0208333333333,14.1041666666667
-88.8958333333333,14.0625
-88.5208333333333,14.0625
-88.1458333333333,14.0625
-88.1041666666667,14.0625
-88.0625,14.0625
-87.8541666666667,14.0625
-87.8125,14.0625
-87.7708333333333,14.0625
-87.7291666666667,14.0625
-87.6458333333333,14.0625
-87.5208333333333,14.0625
-87.4791666666667,14.0625
-87.3125,14.0625
-87.1875,14.0625
-87.1458333333333,14.0625
-86.8541666666667,14.0625
-86.8125,14.0625
-88.3958333333333,14.0208333333333
-88.1875,14.0208333333333
-88.1458333333333,14.0208333333333
-88.1041666666667,14.0208333333333
-87.8541666666667,14.0208333333333
-87.8125,14.0208333333333
-87.6458333333333,14.0208333333333
-87.6041666666667,14.0208333333333
-87.5625,14.0208333333333
-87.5208333333333,14.0208333333333
-87.4791666666667,14.0208333333333
-87.4375,14.0208333333333
-87.3125,14.0208333333333
-87.2291666666667,14.0208333333333
-87.1875,14.0208333333333
-87.1458333333333,14.0208333333333
-86.8125,14.0208333333333
-88.8958333333333,13.9791666666667
-88.7708333333333,13.9791666666667
-88.6875,13.9791666666667
-88.1875,13.9791666666667
-88.1458333333333,13.9791666666667
-88.1041666666667,13.9791666666667
-88.0625,13.9791666666667
-87.8541666666667,13.9791666666667
-87.8125,13.9791666666667
-87.5625,13.9791666666667
-87.5208333333333,13.9791666666667
-87.4791666666667,13.9791666666667
-87.4375,13.9791666666667
-87.3958333333333,13.9791666666667
-87.3125,13.9791666666667
-88.6041666666667,13.9375
-88.4791666666667,13.9375
-88.4375,13.9375
-88.1041666666667,13.9375
-88.0625,13.9375
-87.9375,13.9375
-87.8541666666667,13.9375
-87.8125,13.9375
-87.6041666666667,13.9375
-87.5625,13.9375
-87.5208333333333,13.9375
-87.4791666666667,13.9375
-87.4375,13.9375
-87.3958333333333,13.9375
-88.7708333333333,13.8958333333333
-88.7291666666667,13.8958333333333
-88.6875,13.8958333333333
-87.6041666666667,13.8958333333333
-87.5625,13.8958333333333
-87.5208333333333,13.8958333333333
-87.4791666666667,13.8958333333333
-87.2708333333333,13.8958333333333
-87.2291666666667,13.8958333333333
-87.6041666666667,13.8541666666667
-87.5625,13.8541666666667
-88.2708333333333,13.8125
-88.1041666666667,13.8125
-87.6458333333333,13.8125
-87.1041666666667,13.8125
-87.0625,13.8125
-87.1458333333333,13.7708333333333
-87.1041666666667,13.7708333333333
-87.0625,13.7708333333333
-87.4791666666667,13.7291666666667
-87.2291666666667,13.7291666666667
-87.1875,13.7291666666667
-87.1458333333333,13.7291666666667
-87.1875,13.6875
-87.1458333333333,13.6875
-87.1041666666667,13.6875
-86.4791666666667,13.6875
-87.1041666666667,13.6458333333333
-86.9791666666667,13.5208333333333
-86.9375,13.4791666666667
-86.7291666666667,13.2708333333333
-87.2291666666667,13.1458333333333
-87.2291666666667,13.1041666666667
-87.1875,13.1041666666667
-87.1875,13.0625
-87.1458333333333,13.0625
-87.2291666666667,12.9791666666667
-87.1875,12.9791666666667
-87.3125,12.8958333333333
-87.2291666666667,12.8958333333333
-87.1041666666667,12.8958333333333
-87.2708333333333,12.8541666666667
-87.2291666666667,12.8541666666667
-87.1041666666667,12.8541666666667
-87.0625,12.8541666666667
-83.6458333333333,15.0625
-83.6875,15.0208333333333
-83.7708333333333,14.9791666666667
-83.8541666666667,14.9375
-83.8125,14.9375
-84.2708333333333,14.8958333333333
-84.2291666666667,14.8958333333333
-84.1875,14.8958333333333
-84.1041666666667,14.8958333333333
-84.0625,14.8958333333333
-84.0208333333333,14.8958333333333
-83.9791666666667,14.8958333333333
-83.9375,14.8958333333333
-83.8958333333333,14.8958333333333
-83.8541666666667,14.8958333333333
-83.5208333333333,14.8958333333333
-83.4791666666667,14.8958333333333
-84.2708333333333,14.8541666666667
-84.2291666666667,14.8541666666667
-84.1875,14.8541666666667
-84.1458333333333,14.8541666666667
-84.1041666666667,14.8541666666667
-83.9375,14.8541666666667
-83.8958333333333,14.8541666666667
-83.5625,14.8541666666667
-83.5208333333333,14.8541666666667
-83.4791666666667,14.8541666666667
-84.6875,14.8125
-84.6458333333333,14.8125
-84.2708333333333,14.8125
-84.2291666666667,14.8125
-84.1875,14.8125
-83.6875,14.8125
-83.6458333333333,14.8125
-83.6041666666667,14.8125
-83.5625,14.8125
-83.5208333333333,14.8125
-83.4791666666667,14.8125
-84.6875,14.7708333333333
-84.6458333333333,14.7708333333333
-83.7708333333333,14.7708333333333
-83.6458333333333,14.7708333333333
-83.6041666666667,14.7708333333333
-83.5625,14.7708333333333
-83.5208333333333,14.7708333333333
-83.4791666666667,14.7708333333333
-83.4375,14.7708333333333
-84.6458333333333,14.7291666666667
-84.6041666666667,14.7291666666667
-84.5208333333333,14.7291666666667
-84.4791666666667,14.7291666666667
-83.6458333333333,14.7291666666667
-83.6041666666667,14.7291666666667
-83.5625,14.7291666666667
-83.5208333333333,14.7291666666667
-83.4791666666667,14.7291666666667
-83.4375,14.7291666666667
-84.4791666666667,14.6875
-83.8541666666667,14.6875
-83.8125,14.6875
-83.7291666666667,14.6875
-83.6875,14.6875
-83.6458333333333,14.6875
-83.6041666666667,14.6875
-83.5625,14.6875
-83.5208333333333,14.6875
-83.4791666666667,14.6875
-83.4375,14.6875
-83.3958333333333,14.6875
-83.9375,14.6458333333333
-83.8958333333333,14.6458333333333
-83.8541666666667,14.6458333333333
-83.8125,14.6458333333333
-83.7708333333333,14.6458333333333
-83.7291666666667,14.6458333333333
-83.6458333333333,14.6458333333333
-83.6041666666667,14.6458333333333
-83.5625,14.6458333333333
-83.5208333333333,14.6458333333333
-83.4791666666667,14.6458333333333
-83.4375,14.6458333333333
-83.3958333333333,14.6458333333333
-83.3541666666667,14.6458333333333
-83.3125,14.6458333333333
-83.9791666666667,14.6041666666667
-83.9375,14.6041666666667
-83.8958333333333,14.6041666666667
-83.8541666666667,14.6041666666667
-83.8125,14.6041666666667
-83.7708333333333,14.6041666666667
-83.7291666666667,14.6041666666667
-83.6875,14.6041666666667
-83.6458333333333,14.6041666666667
-83.6041666666667,14.6041666666667
-83.5625,14.6041666666667
-83.5208333333333,14.6041666666667
-83.4791666666667,14.6041666666667
-83.4375,14.6041666666667
-83.3958333333333,14.6041666666667
-83.3541666666667,14.6041666666667
-83.3125,14.6041666666667
-83.9791666666667,14.5625
-83.9375,14.5625
-83.8958333333333,14.5625
-83.8541666666667,14.5625
-83.8125,14.5625
-83.7708333333333,14.5625
-83.7291666666667,14.5625
-83.6875,14.5625
-83.6458333333333,14.5625
-83.6041666666667,14.5625
-83.5625,14.5625
-83.5208333333333,14.5625
-83.4791666666667,14.5625
-83.4375,14.5625
-83.3958333333333,14.5625
-83.3541666666667,14.5625
-83.3125,14.5625
-83.9375,14.5208333333333
-83.8958333333333,14.5208333333333
-83.8541666666667,14.5208333333333
-83.7708333333333,14.5208333333333
-83.7291666666667,14.5208333333333
-83.6875,14.5208333333333
-83.6458333333333,14.5208333333333
-83.6041666666667,14.5208333333333
-83.5625,14.5208333333333
-83.5208333333333,14.5208333333333
-83.4791666666667,14.5208333333333
-83.4375,14.5208333333333
-83.3958333333333,14.5208333333333
-83.3541666666667,14.5208333333333
-83.3125,14.5208333333333
-83.2708333333333,14.5208333333333
-83.9791666666667,14.4791666666667
-83.8541666666667,14.4791666666667
-83.8125,14.4791666666667
-83.7708333333333,14.4791666666667
-83.7291666666667,14.4791666666667
-83.6875,14.4791666666667
-83.6458333333333,14.4791666666667
-83.6041666666667,14.4791666666667
-83.5625,14.4791666666667
-83.5208333333333,14.4791666666667
-83.4791666666667,14.4791666666667
-83.3958333333333,14.4791666666667
-83.3541666666667,14.4791666666667
-83.3125,14.4791666666667
-83.2708333333333,14.4791666666667
-83.8541666666667,14.4375
-83.7708333333333,14.4375
-83.6458333333333,14.4375
-83.6041666666667,14.4375
-83.5625,14.4375
-83.5208333333333,14.4375
-83.4791666666667,14.4375
-83.4375,14.4375
-83.3958333333333,14.4375
-83.3541666666667,14.4375
-83.3125,14.4375
-83.2708333333333,14.4375
-83.2291666666667,14.4375
-83.7291666666667,14.3958333333333
-83.6875,14.3958333333333
-83.6458333333333,14.3958333333333
-83.6041666666667,14.3958333333333
-83.5625,14.3958333333333
-83.5208333333333,14.3958333333333
-83.4791666666667,14.3958333333333
-83.4375,14.3958333333333
-83.3958333333333,14.3958333333333
-83.3125,14.3958333333333
-83.2708333333333,14.3958333333333
-83.2291666666667,14.3958333333333
-82.7708333333333,14.3958333333333
-83.7291666666667,14.3541666666667
-83.6875,14.3541666666667
-83.6458333333333,14.3541666666667
-83.6041666666667,14.3541666666667
-83.5625,14.3541666666667
-83.5208333333333,14.3541666666667
-83.4791666666667,14.3541666666667
-83.4375,14.3541666666667
-83.3125,14.3541666666667
-83.2708333333333,14.3541666666667
-83.2291666666667,14.3541666666667
-82.8125,14.3541666666667
-83.4375,14.3125
-83.3958333333333,14.3125
-83.3541666666667,14.3125
-83.2708333333333,14.3125
-83.2291666666667,14.3125
-83.5625,14.2708333333333
-83.4375,14.2708333333333
-83.3958333333333,14.2708333333333
-83.3541666666667,14.2708333333333
-83.2291666666667,14.2708333333333
-83.4375,14.2291666666667
-83.3958333333333,14.2291666666667
-83.3541666666667,14.2291666666667
-83.3125,14.2291666666667
-83.6041666666667,14.1875
-83.4375,14.1875
-83.3958333333333,14.1875
-83.3541666666667,14.1875
-83.4375,14.1458333333333
-83.3958333333333,14.1458333333333
-83.3541666666667,14.1458333333333
-83.4375,14.1041666666667
-83.3958333333333,14.1041666666667
-83.3541666666667,14.1041666666667
-83.3958333333333,14.0625
-83.3541666666667,14.0625
-83.5208333333333,13.8958333333333
-83.5208333333333,13.8541666666667
-83.4791666666667,13.8541666666667
-83.6041666666667,13.8125
-83.5625,13.8125
-83.5208333333333,13.8125
-83.4791666666667,13.8125
-83.6041666666667,13.7708333333333
-83.5625,13.7708333333333
-83.5208333333333,13.7708333333333
-83.4791666666667,13.7708333333333
-84.1041666666667,13.7291666666667
-84.0625,13.7291666666667
-83.8541666666667,13.7291666666667
-83.8125,13.7291666666667
-83.7708333333333,13.7291666666667
-83.6041666666667,13.7291666666667
-83.5625,13.7291666666667
-83.5208333333333,13.7291666666667
-86.4791666666667,13.6875
-84.1041666666667,13.6875
-84.0625,13.6875
-83.8541666666667,13.6875
-83.8125,13.6875
-83.7708333333333,13.6875
-83.6458333333333,13.6875
-83.6041666666667,13.6875
-83.5625,13.6875
-83.9791666666667,13.6458333333333
-83.9375,13.6458333333333
-83.6875,13.6458333333333
-83.6458333333333,13.6458333333333
-83.6458333333333,13.6041666666667
-83.8958333333333,13.3125
-86.7291666666667,13.2708333333333
-86.4791666666667,13.2291666666667
-87.2291666666667,13.1041666666667
-87.1875,13.1041666666667
-87.1875,13.0625
-87.1458333333333,13.0625
-86.1458333333333,13.0208333333333
-87.2291666666667,12.9791666666667
-87.1875,12.9791666666667
-86.1875,12.9375
-83.5625,12.9375
-87.3125,12.8958333333333
-87.2291666666667,12.8958333333333
-87.1041666666667,12.8958333333333
-87.2708333333333,12.8541666666667
-87.2291666666667,12.8541666666667
-87.1041666666667,12.8541666666667
-87.0625,12.8541666666667
-86.5625,12.7708333333333
-86.6041666666667,12.7291666666667
-86.6458333333333,12.6875
-86.6875,12.5625
-86.3541666666667,12.5625
-86.3125,12.5625
-86.1041666666667,12.5625
-86.7291666666667,12.5208333333333
-86.6875,12.5208333333333
-86.6458333333333,12.5208333333333
-86.3541666666667,12.5208333333333
-86.3125,12.5208333333333
-86.8125,12.4791666666667
-86.7708333333333,12.4791666666667
-86.6875,12.4791666666667
-86.8125,12.4375
-86.7708333333333,12.4375
-85.9375,12.3125
-85.8958333333333,12.3125
-83.6875,12.3125
-85.8958333333333,12.2708333333333
-83.6875,12.2708333333333
-86.4375,12.1458333333333
-86.1875,12.0208333333333
-85.3541666666667,11.8958333333333
-82.4375,8.64583333333333
-80.6458333333333,8.52083333333333
-80.4791666666667,8.52083333333333
-80.6458333333333,8.47916666666667
-80.6041666666667,8.47916666666667
-81.5625,8.4375
-81.5208333333333,8.4375
-80.8958333333333,8.4375
-80.1041666666667,8.4375
-81.2291666666667,8.35416666666667
-81.2291666666667,8.3125
-82.1875,8.27083333333333
-82.1458333333333,8.27083333333333
-81.3125,8.27083333333333
-82.1041666666667,8.22916666666667
-81.1875,8.22916666666667
-81.1458333333333,8.22916666666667
-81.1041666666667,8.22916666666667
-81.0625,8.22916666666667
-81.1875,8.1875
-81.1458333333333,8.1875
-81.1041666666667,8.1875
-81.0208333333333,8.1875
-89.4375,14.3958333333333
-89.3958333333333,14.3958333333333
-89.2708333333333,14.3958333333333
-89.2291666666667,14.3958333333333
-89.3125,14.3541666666667
-89.2708333333333,14.3541666666667
-89.6041666666667,14.3125
-89.5625,14.3125
-89.3541666666667,14.3125
-89.3125,14.3125
-89.2708333333333,14.3125
-89.2291666666667,14.3125
-89.1875,14.3125
-89.1458333333333,14.3125
-89.0208333333333,14.3125
-88.9791666666667,14.3125
-88.9375,14.3125
-88.8958333333333,14.3125
-89.6041666666667,14.2708333333333
-89.5208333333333,14.2708333333333
-89.3541666666667,14.2708333333333
-89.3125,14.2708333333333
-89.2708333333333,14.2708333333333
-89.2291666666667,14.2708333333333
-89.1875,14.2708333333333
-89.0625,14.2708333333333
-89.0208333333333,14.2708333333333
-88.9791666666667,14.2708333333333
-88.9375,14.2708333333333
-88.8958333333333,14.2708333333333
-88.8541666666667,14.2708333333333
-89.1458333333333,14.2291666666667
-89.0625,14.2291666666667
-89.0208333333333,14.2291666666667
-89.8541666666667,14.1875
-89.5625,14.1875
-89.3541666666667,14.1875
-88.7291666666667,14.1875
-89.8541666666667,14.1458333333333
-89.8541666666667,14.1041666666667
-89.8125,14.1041666666667
-88.8125,14.1041666666667
-88.1875,14.1041666666667
-88.1458333333333,14.1041666666667
-90.1041666666667,14.0625
-90.0625,14.0625
-89.7291666666667,14.0625
-88.8958333333333,14.0625
-88.5208333333333,14.0625
-88.1458333333333,14.0625
-88.1041666666667,14.0625
-88.0625,14.0625
-90.1041666666667,14.0208333333333
-89.9375,14.0208333333333
-89.8958333333333,14.0208333333333
-89.2291666666667,14.0208333333333
-88.3958333333333,14.0208333333333
-88.1875,14.0208333333333
-88.1458333333333,14.0208333333333
-88.1041666666667,14.0208333333333
-87.8541666666667,14.0208333333333
-87.8125,14.0208333333333
-90.0625,13.9791666666667
-90.0208333333333,13.9791666666667
-89.9791666666667,13.9791666666667
-89.9375,13.9791666666667
-88.8958333333333,13.9791666666667
-88.7708333333333,13.9791666666667
-88.6875,13.9791666666667
-88.1875,13.9791666666667
-88.1458333333333,13.9791666666667
-88.1041666666667,13.9791666666667
-88.0625,13.9791666666667
-87.8541666666667,13.9791666666667
-87.8125,13.9791666666667
-90.0625,13.9375
-90.0208333333333,13.9375
-89.9791666666667,13.9375
-89.9375,13.9375
-88.8958333333333,13.9375
-88.6041666666667,13.9375
-88.4791666666667,13.9375
-88.4375,13.9375
-88.1041666666667,13.9375
-88.0625,13.9375
-87.9375,13.9375
-87.8541666666667,13.9375
-87.8125,13.9375
-90.0625,13.8958333333333
-90.0208333333333,13.8958333333333
-89.9791666666667,13.8958333333333
-89.0208333333333,13.8958333333333
-88.7708333333333,13.8958333333333
-88.7291666666667,13.8958333333333
-88.6875,13.8958333333333
-87.6041666666667,13.8958333333333
-90.0208333333333,13.8541666666667
-89.6458333333333,13.8541666666667
-89.3125,13.8541666666667
-88.9375,13.8541666666667
-88.7291666666667,13.8541666666667
-88.6875,13.8541666666667
-87.6041666666667,13.8541666666667
-89.6458333333333,13.8125
-89.3958333333333,13.8125
-89.3541666666667,13.8125
-89.3125,13.8125
-89.0208333333333,13.8125
-88.9791666666667,13.8125
-88.2708333333333,13.8125
-88.1041666666667,13.8125
-87.6458333333333,13.8125
-89.6458333333333,13.7708333333333
-89.3541666666667,13.7708333333333
-89.3125,13.7708333333333
-88.7708333333333,13.7708333333333
-88.7291666666667,13.7708333333333
-88.6875,13.7708333333333
-88.6458333333333,13.7708333333333
-88.8541666666667,13.7291666666667
-88.7708333333333,13.7291666666667
-88.7291666666667,13.7291666666667
-88.6875,13.7291666666667
-88.6041666666667,13.6875
-88.3958333333333,13.6875
-88.3958333333333,13.6458333333333
-88.3541666666667,13.6458333333333
-88.3125,13.6458333333333
-88.7291666666667,13.6041666666667
-88.6875,13.6041666666667
-88.4375,13.6041666666667
-88.3541666666667,13.6041666666667
-89.7708333333333,13.5625
-88.7291666666667,13.5625
-88.6875,13.5625
-88.0208333333333,13.4791666666667
-88.1875,13.3541666666667
-88.3958333333333,13.3125
